Name,Email,Phone Number,username
Victor,victor.ciresica@gmail.com,746495101,victorciresica
Radu,radu@mania.com,2025255,raduradu
Robert,robert@intern.com,5934883,celmaismecher
Vasile,vasile@intern.com,55412461,vasilescu
Alex,alex@gmail.com,5138756123,alexdragutu
Cristi,cristi@facultate.com,351485131,cristibarosanul
